Elsa;Delisle;Alan D Rosenburg Cpa Pc;260 Saxon St;Brooklands Ward;Greater Manchester;M33 4BP;01537-525550;elsa_delisle@gmail.com
Linwood;Rosenlof;Alan D Rosenburg Cpa Pc;3 Pyramid St;Eccleston Ward;Merseyside;WA10 3BW;01546-942059;linwood.rosenlof@yahoo.com
Latosha;Alexy;Alan D Rosenburg Cpa Pc;37 Langham St #948;St. Georges Hill Ward;Surrey;KT13 0AZ;01704-508066;latosha@yahoo.com
Alexia;Meenan;Alan D Rosenburg Cpa Pc;94 Villars St;Launcells;Cornwall;EX23 9LG;01560-328739;alexia.meenan@meenan.co.uk
Graham;Stanwick;Alan D Rosenburg Cpa Pc;73 Hawkstone St;Renfrew South & Gallowhill War;Dunbartonshire;G52 4YG;01860-191930;gstanwick@gmail.com
Elinore;Fulda;Alan D Rosenburg Cpa Pc;123 Sussex St;Astley Bridge Ward;Greater Manchester;BL1 6PY;01457-837447;elinore.fulda@fulda.co.uk
Lisbeth;Creecy;Alan D Rosenburg Cpa Pc;484 Barry St;Shiney Row Ward;County Durham;DH4 7RG;01931-620849;lcreecy@gmail.com
Eloisa;Faurote;Alan D Rosenburg Cpa Pc;7033 Micawber St;Bintree;Norfolk;NR20 5NQ;01337-695353;eloisa.faurote@hotmail.com
Shawana;Cantua;Alan D Rosenburg Cpa Pc;33 Vipond St;Woodhall Farm Ward;Hertfordshire;HP2 7JP;01413-348876;shawana@yahoo.com
Alyssa;Ansbro;Alan D Rosenburg Cpa Pc;85 Hero St;Stanhope;County Durham;DL13 2TZ;01632-887825;alyssa_ansbro@gmail.com
Kyoko;Mcmillian;Alan D Rosenburg Cpa Pc;77 Reading St #8;North Tawton;Devon;EX20 2TR;01235-173362;kyoko_mcmillian@gmail.com
Terry;Gauthier;Alan D Rosenburg Cpa Pc;274 Altcar Ave;Catterick;North Yorkshire;DL10 7NU;01555-550015;tgauthier@yahoo.com
Sena;Langenbach;Alan D Rosenburg Cpa Pc;38 Avondale Rd #79;Kilmersdon;Somerset;BA3 5SJ;01756-678490;sena.langenbach@hotmail.com
Cristen;Nesset;Alan D Rosenburg Cpa Pc;4679 Curzon St;Central Ward;Lancashire;BB5 0SJ;01354-864473;cnesset@nesset.co.uk
Lashawn;Ker;Alan D Rosenburg Cpa Pc;13 Nelson Rd;Filwood Ward;Bristol;BS4 1HT;01676-780022;lashawn.ker@gmail.com
Wade;Sovel;Alan D Rosenburg Cpa Pc;2546 Hunter St;Central Buchan Ward;Aberdeenshire;AB53 6YD;01712-978062;wade@hotmail.com
Whitney;Tishler;Alan D Rosenburg Cpa Pc;77 Mason St #650;Smallbridge and Firgrove Ward;Greater Manchester;OL16 3AW;01224-605237;whitney@gmail.com
Deja;Conatser;Alan D Rosenburg Cpa Pc;94 Wakefield St;Lavenham;Suffolk;CO10 9PU;01378-234592;deja.conatser@hotmail.com
Earnestine;Casper;Wilhelm, James E Jr;529 Stalmine Rd #3680;Saffron Walden;Essex;CB11 4DJ;01807-346103;earnestine_casper@hotmail.com
Frankie;Marruffo;Wilhelm, James E Jr;52 Morningside Rd #1;Cilybebyll Community;Neath Port Talbot;SA8 3HE;01295-678319;fmarruffo@gmail.com
Paola;Dease;Wilhelm, James E Jr;94 Enid St;Birchington;Kent;CT7 9BG;01333-642646;pdease@gmail.com
Rodrigo;Hawkin;Wilhelm, James E Jr;661 Great Crosshall St;Forth Ward;City of Edinburgh;EH5 2LR;01936-611490;rodrigo@hotmail.com
Luther;Alsman;Wilhelm, James E Jr;227 Albert Terrace;Belvedere Ward;Greater London;DA17 6EF;01536-639256;luther@gmail.com
Casey;Dondero;Wilhelm, James E Jr;464 Back Nile St #618;Acton Central Ward;Greater London;W3 6QJ;01728-100333;casey.dondero@hotmail.com
Ressie;Bontemps;Wilhelm, James E Jr;42 Eastwood St;Walton Ward;Cambridgeshire;PE4 6HB;01996-854517;ressie_bontemps@bontemps.co.uk
Sean;Schurman;Wilhelm, James E Jr;2877 Grain St;Caversham Ward;Berkshire;RG4 5DE;01773-139510;sean.schurman@schurman.co.uk
Celestina;Pince;Wilhelm, James E Jr;13 Stockdale St #779;Abingdon on Thames;Oxfordshire;OX14 5QH;01763-475078;cpince@pince.co.uk
Maira;Karas;Wilhelm, James E Jr;9 Cropper St;Northgate Ward;West Sussex;RH10 1YJ;01582-839217;maira.karas@yahoo.com
Beth;Barbone;Wilhelm, James E Jr;3 Gaskell St;Tynemouth Ward;Tyne and Wear;NE30 2NB;01210-926114;bbarbone@barbone.co.uk
Wei;Nobel;Wilhelm, James E Jr;5221 Royston St;Eccleshall;Staffordshire;ST21 6GA;01912-146880;wei_nobel@hotmail.com
Melissia;Slotemaker;Wilhelm, James E Jr;83 St Johns Lane #43;Linlithgow Ward;West Lothian;EH49 7LS;01515-360513;mslotemaker@gmail.com
Letha;Akey;Wilhelm, James E Jr;603 Pall Mall;Layton Ward;Lancashire;FY3 8ND;01694-424205;letha_akey@akey.co.uk
Isaac;Semrad;Wilhelm, James E Jr;76 Dawber St #6;Blackheath Westcombe Ward;Greater London;SE3 7JY;01939-738818;isaac.semrad@semrad.co.uk
Kristine;Klipfel;Wilhelm, James E Jr;3380 Alexander St;Moulsham and Central Ward;Essex;CM1 9QQ;01710-435506;kristine.klipfel@yahoo.com
Odette;Moussette;Wilhelm, James E Jr;216 Lissant St #8;Great Dunmow;Essex;CM6 1DQ;01712-248851;odette_moussette@gmail.com
Hobert;Panfilov;Bomarko Inc;92 Phythian St #614;Gweek;Cornwall;TR11 5RR;01245-353227;hobert@gmail.com
Isadora;Mchughes;Bomarko Inc;792 Queens Rd;Stretford Ward;Greater Manchester;M32 8LR;01526-145485;isadora.mchughes@mchughes.co.uk
Emily;Pogorelc;Bomarko Inc;5196 York St;Orsett Ward;Essex;SS17 8NS;01416-913482;emily.pogorelc@yahoo.com
Desire;Barresi;Bomarko Inc;428 Kearsley St;Hatton;Warwickshire;CV35 7UA;01819-701096;desire@gmail.com
Rosalind;Stamps;Bomarko Inc;8 Chestnut St;Barrowford;Lancashire;BB9 6EW;01918-999052;rosalind.stamps@stamps.co.uk
Vernell;Connley;Bomarko Inc;998 Roe St #6;Bellingham;Northumberland;NE48 2BX;01954-363885;vernell@hotmail.com
Micheline;Mathieson;Bomarko Inc;3 Copenhagen Rd;George St;Aberdeenshire;AB25 3UZ;01857-518738;micheline.mathieson@yahoo.com
Nathan;Outhouse;Bomarko Inc;293 Vivian St;South Jesmond Ward;Tyne and Wear;NE2 1EY;01555-702650;nathan.outhouse@gmail.com
Allene;Burau;Bomarko Inc;8 Barlow St #6;Barlow;Derbyshire;S18 7TH;01731-825958;allene.burau@hotmail.com
Julie;Sakshaug;Bomarko Inc;5 Shakspeare St #66;St. Johns Ward;Hereford and Worcester;B61 8HD;01225-180983;julie@gmail.com
Francisca;Shuhi;Bomarko Inc;7 Carolina St;Bodmin;Cornwall;PL31 1QF;01345-878334;fshuhi@shuhi.co.uk
Marisha;Wilcoxon;Bomarko Inc;52 Trowbridge St;Knightsbridge and Belgravia Wa;Greater London;SW1X 9HB;01257-461104;marisha.wilcoxon@gmail.com
Telma;Maraia;Reliable Yard Service;25 Village St;Elgin City South Ward;Moray;IV30 1SB;01500-649863;telma@maraia.co.uk
Luke;Crete;M D & W Railway;4 Peach St #5112;Halstead;Kent;TN14 7EF;01375-820236;luke.crete@crete.co.uk
Hubert;Mias;M D & W Railway;3614 Old Hall St #604;Fawley;Hampshire;SO45 2PT;01408-965643;hubert.mias@gmail.com
Janella;Altobell;M D & W Railway;3768 Hey Green Rd;Hartshill;Warwickshire;CV10 0TH;01746-505364;jaltobell@hotmail.com
Angelo;Lavista;M D & W Railway;97 Newlands St;Kensington and Fairfield Ward;Merseyside;L6 9DU;01544-247601;angelo.lavista@gmail.com
Tran;Mandiola;M D & W Railway;6226 Maitland St;West Bromwich Central Ward;West Midlands;B70 6DR;01609-235350;tran.mandiola@hotmail.com
Reynalda;Vanhooser;M D & W Railway;891 Crocus St;Rowley Ward;West Midlands;B65 8EZ;01951-872658;reynalda@vanhooser.co.uk
Salley;Rieger;M D & W Railway;1 Segrave St;Sutton Trinity Ward;West Midlands;B75 6HJ;01858-162078;salley.rieger@gmail.com
Cheryll;Yurich;M D & W Railway;666 Moor Place;Shepway South Ward;Kent;ME15 8ST;01780-380120;cheryll_yurich@yurich.co.uk
Crista;Viengxay;M D & W Railway;1554 Christopher St;Everton Ward;Merseyside;L6 1BG;01976-784016;crista@yahoo.com
Lino;Sutulovich;M D & W Railway;55 Margaret Rd;Heaton Ward;Yorkshire, West;BD9 4DA;01316-590173;lino.sutulovich@gmail.com
Galen;Wendorf;M D & W Railway;8830 Antonio St;Gillingham North Ward;Kent;ME7 1DZ;01220-653456;galen.wendorf@wendorf.co.uk
Gilbert;Langarica;M D & W Railway;82 Sinclair St;Bangor Community;Gwynedd;LL57 1DW;01455-565046;gilbert.langarica@gmail.com
Whitney;Goossen;Eagle Newspapers;7568 Atlas St;Butterwick;Lincolnshire;PE22 0HY;01255-383731;whitney.goossen@hotmail.com
Socorro;Abrahams;Eagle Newspapers;93 Clyde Rd #9;Deepdale Ward;Lancashire;PR1 6TN;01311-567052;socorro_abrahams@abrahams.co.uk
Mauricio;Flam;Eagle Newspapers;18 Nimrod St;Walney North Ward;Cumbria;LA14 3SJ;01640-813748;mflam@gmail.com
Phillip;Aloi;Eagle Newspapers;6 Cannock St;Scarcroft;West Yorkshire;LS14 3BW;01490-898175;paloi@hotmail.com
Gilberto;Erixon;Eagle Newspapers;2258 Benedict St;Penryn;Cornwall;TR10 8RP;01582-161403;gerixon@gmail.com
Thad;Puskarich;Eagle Newspapers;9302 Ismay St #6;Tenterden;Kent;TN30 6JP;01506-152661;thad_puskarich@puskarich.co.uk
Bambi;Favaron;Eagle Newspapers;3347 Lawrence Rd #456;Haverstock Ward;Greater London;NW5 4EU;01676-354943;bambi.favaron@yahoo.com
Marshall;Kozikowski;Eagle Newspapers;47 Elwy St;Kilpatrick Ward;West Dunbart;G81 6RT;01913-454226;marshall@hotmail.com
Chery;Wiederin;Eagle Newspapers;553 Picton Rd;Astley Mosley Common Ward;Greater Manchester;M29 7AA;01274-659801;cwiederin@yahoo.com
Eileen;Montecalvo;Eagle Newspapers;9986 Cantsfield St;St. Peters Ward;Tyne and Wear;SR6 9SD;01904-227024;eileen@yahoo.com
Melita;Szpak;Eagle Newspapers;1 Sussex St;Cyfarthfa Community;Merthyr Tydfil;CF48 1AR;01431-484822;melita.szpak@szpak.co.uk
Ashley;Jessie;Eagle Newspapers;9548 Ogwen St #84;Baguley Ward;Greater Manchester;M23 9GB;01740-739731;ashley_jessie@jessie.co.uk
Laila;Fend;Eagle Newspapers;57 St Georges Hill;Crawcrook and Greenside Ward;Tyne and Wear;NE40 4LJ;01550-206220;lfend@gmail.com
Bobbie;Guillereault;Eagle Newspapers;385 Upper Hampton St #39;Southey Ward;South Yorkshire;S5 8LL;01496-781616;bguillereault@gmail.com
Dana;Paluszynski;Chile Pepper Magazine;6378 Lyell St #48;Trossachs and Teith Ward;Stirling;FK21 8TJ;01847-224345;dpaluszynski@paluszynski.co.uk
Freida;Newyear;Flash, Elena Salerno Esq;675 Falstaff St #170;Chapel-en-le-Frith;Derbyshire;SK23 0QG;01773-691786;freida_newyear@yahoo.com
Val;Cellucci;Owensboro Brick & Tile;87 Pelops St;Kings Norton Ward;West Midlands;B38 8PL;01387-155607;vcellucci@yahoo.com
Horace;Knapp;Owensboro Brick & Tile;5 Eyes St;Mid and Upper Nithsdale Ward;Dumfries and Galloway;DG4 6LF;01924-556297;horace.knapp@yahoo.com
Joana;Reinecke;Owensboro Brick & Tile;2427 Olney St #7;Amersham;Buckinghamshire;HP6 6JH;01320-402522;jreinecke@reinecke.co.uk
Tiara;Schlichter;Owensboro Brick & Tile;805 Westbank Rd;North Heywood Ward;Greater Manchester;OL10 2DU;01270-562265;tiara_schlichter@schlichter.co.uk
Dacia;Swaisgood;Owensboro Brick & Tile;36 Cranmer St #4697;Little Hereford;Shropshire;SY8 4LE;01984-926059;dacia.swaisgood@swaisgood.co.uk
Myong;Babineaux;Owensboro Brick & Tile;2 Kirkdale Rd;Canning Town North Ward;Greater London;E16 4NF;01897-419567;mbabineaux@babineaux.co.uk
Gene;Bleile;Owensboro Brick & Tile;4687 Atherton St;Springfield Ward;West Midlands;B11 4HB;01257-354396;gene_bleile@bleile.co.uk
Kanisha;Difiora;Owensboro Brick & Tile;513 Bailey St;Bontnewydd Community;Gwynedd;LL54 7UP;01770-697837;kanisha@gmail.com
Ayesha;Moeder;Owensboro Brick & Tile;620 Old Leeds St;Sheviock;Cornwall;PL11 3DF;01284-871485;ayesha@gmail.com
Lanie;Smalarz;Owensboro Brick & Tile;5149 Maria Rd;Peterlee;County Durham;SR8 5RL;01218-415062;lanie.smalarz@yahoo.com
Jaleesa;Polintan;Owensboro Brick & Tile;8 Taylor St;Shrub End Ward;Essex;CO2 9LW;01507-519053;jpolintan@polintan.co.uk
Tamekia;Flotow;Owensboro Brick & Tile;588 Venmore St;Twickenham Riverside Ward;Greater London;TW1 2QH;01794-317624;tamekia.flotow@hotmail.com
Ula;Otey;Owensboro Brick & Tile;1 Newby St;Coleshill;Warwickshire;B46 3LZ;01291-565542;ula@hotmail.com
Rosendo;Ratel;Owensboro Brick & Tile;5588 Lake St #903;Crystal Palace Ward;Greater London;SE19 2TJ;01404-343160;rratel@yahoo.com
Timmy;Lintner;Owensboro Brick & Tile;9112 Hardwick St;Bowes;County Durham;DL12 9JB;01651-232745;tlintner@hotmail.com
Zita;Speltz;Owensboro Brick & Tile;2395 Gloucester Pl;Halliwell Ward;Greater Manchester;BL1 6DS;01368-497445;zita_speltz@yahoo.com
Aleisha;Lemm;Owensboro Brick & Tile;341 Birchfield St;Wareham St. Martin;Dorset;BH16 6JJ;01341-997268;aleisha.lemm@gmail.com
Naomi;Lavezzo;Owensboro Brick & Tile;9854 Ranelagh Place;Finedon;Northamptonshire;NN9 5EN;01469-888112;naomi.lavezzo@yahoo.com
Aretha;Bowling;Owensboro Brick & Tile;8 Nova Scotia;Caerphilly Community;Caerphilly;CF83 3AF;01816-462521;aretha@hotmail.com
Mila;Figuera;Owensboro Brick & Tile;72 Lime Place;Old Newton with Dagworth;Suffolk;IP14 4HG;01300-650262;mila_figuera@yahoo.com
Orville;Zuehl;Owensboro Brick & Tile;907 Denman St;Crowle and Ealand;North Lincolnshire;DN17 4EN;01998-694754;orville_zuehl@zuehl.co.uk
Gabriele;Geschke;Levy Security Consultants Ltd;5 Garfield St #9;Milton Regis Ward;Kent;ME10 2EJ;01404-425588;gabriele@geschke.co.uk
Kara;Jaquish;Levy Security Consultants Ltd;345 Feltwell Rd;St. Michaels and Wicksteed War;Northamptonshire;NN15 6BB;01691-316298;kara@yahoo.com
Kenny;Lin;Levy Security Consultants Ltd;1 Towson St;Howe of Fife and Tay Coast War;Fife;KY14 6AH;01753-900033;kenny@lin.co.uk
Mila;Figueras;Levy Security Consultants Ltd;1 Towson St;Old Newton with Dagworth;Suffolk;IP14 4HG;01300-650262;mila_figueras@yahoo.com
Freida;Newyear;Levy Security Consultants Ltd;675 Falstaff St #170;Chapel-en-le-Frith;Derbyshire;SK23 0QG;01773-691786;freida_newyear@yahoo.com
Myong;Babineaux;Levy Security Consultants Ltd;1 Kirkdale Rd;Canning Town North Ward;Fife;E16 4NF;01897-419567;mbabineaux@babineaux.co.uk
Marshall;Kozikowski;Levy Security Consultants Ltd;111 Nova Scotia;Caerphilly Community;West Dunbart;G81 6RT;01913-454226;marshall@hotmail.com
Chery;Wiederin;Levy Security Consultants Ltd;112 Nova Scotia;Caerphilly Community;Greater Manchester;M29 7AA;01274-659801;cwiederin@yahoo.com
Eileen;Montecalvo;Levy Security Consultants Ltd;113 Nova Scotia;Caerphilly Community;Tyne and Wear;SR6 9SD;01904-227024;eileen@yahoo.com