first_name;last_name;company_name;address;city;county;postal;phone;email
Aleshia;Tomkiewicz;Alan D Rosenburg Cpa Pc;14 Taylor St;St. Stephens Ward;Kent;CT2 7PP;01835-703597;atomkiewicz@hotmail.com
Evan;Zigomalas;Alan D Rosenburg Cpa Pc;5 Binney St;Abbey Ward;Buckinghamshire;HP11 2AX;01937-864715;evan.zigomalas@gmail.com
France;Andrade;Alan D Rosenburg Cpa Pc;8 Moor Place;East Southbourne and Tuckton W;Bournemouth;BH6 3BE;01347-368222;france.andrade@hotmail.com
Ulysses;Mcwalters;Alan D Rosenburg Cpa Pc;505 Exeter Rd;Hawerby cum Beesby;Lincolnshire;DN36 5RP;01912-771311;ulysses@hotmail.com
Tyisha;Veness;Alan D Rosenburg Cpa Pc;5396 Forth Street;Greets Green and Lyng Ward;West Midlands;B70 9DT;01547-429341;tyisha.veness@hotmail.com
Eric;Rampy;Alan D Rosenburg Cpa Pc;9472 Lind St;Desborough;Northamptonshire;NN14 2GH;01969-886290;erampy@rampy.co.uk
Marg;Grasmick;Alan D Rosenburg Cpa Pc;7457 Cowl St #70;Bargate Ward;Southampton;SO14 3TY;01865-582516;marg@hotmail.com
Laquita;Hisaw;Alan D Rosenburg Cpa Pc;20 Gloucester Pl #96;Chirton Ward;Tyne & Wear;NE29 7AD;01746-394243;laquita@yahoo.com
Lura;Manzella;Alan D Rosenburg Cpa Pc;929 Augustine St;Staple Hill Ward;South Gloucestershire;BS16 4LL;01907-538509;lura@hotmail.com
Yuette;Klapec;Alan D Rosenburg Cpa Pc;45 Bradfield St #166;Parwich;Derbyshire;DE6 1QN;01903-649460;yuette.klapec@klapec.co.uk
Fernanda;Writer;Alan D Rosenburg Cpa Pc;620 Northampton St;Wilmington;Kent;DA2 7PP;01630-202053;fernanda@writer.co.uk
Charlesetta;Erm;Alan D Rosenburg Cpa Pc;5 Hygeia St;Loundsley Green Ward;Derbyshire;S40 4LY;01276-816806;charlesetta_erm@gmail.com
Corrinne;Jaret;Alan D Rosenburg Cpa Pc;2150 Morley St;Dee Ward;Dumfries and Galloway;DG8 7DE;01625-932209;corrinne_jaret@gmail.com
Niesha;Bruch;Alan D Rosenburg Cpa Pc;24 Bolton St;Broxburn, Uphall and Winchburg;West Lothian;EH52 5TL;01874-856950;niesha.bruch@yahoo.com
Rueben;Gastellum;Alan D Rosenburg Cpa Pc;4 Forrest St;Weston-Super-Mare;North Somerset;BS23 3HG;01976-755279;rueben_gastellum@gastellum.co.uk
Michell;Throssell;Alan D Rosenburg Cpa Pc;89 Noon St;Carbrooke;Norfolk;IP25 6JQ;01967-580851;mthrossell@throssell.co.uk
Edgar;Kanne;Alan D Rosenburg Cpa Pc;99 Guthrie St;New Milton;Hampshire;BH25 5DF;01326-532337;edgar.kanne@yahoo.com
Dewitt;Julio;Alan D Rosenburg Cpa Pc;7 Richmond St;Parkham;Devon;EX39 5DJ;01253-528327;dewitt.julio@hotmail.com
Charisse;Spinello;Alan D Rosenburg Cpa Pc;9165 Primrose St;Darnall Ward;Yorkshire, South;S4 7WN;01719-831436;charisse_spinello@spinello.co.uk
Mee;Lapinski;Alan D Rosenburg Cpa Pc;9 Pengwern St;Marldon;Devon;TQ3 1SA;01578-287816;mee.lapinski@yahoo.com
Peter;Gutierres;Alan D Rosenburg Cpa Pc;4410 Tarlton St;Prestatyn Community;Denbighshire;LL19 9EG;01842-767201;peter_gutierres@yahoo.com
Octavio;Salvadore;Practical Periphrals;6949 Bourne St;Lye and Stourbridge North Ward;West Midlands;DY5 2QP;01552-709248;octavio.salvadore@yahoo.com
Martha;Teplica;Practical Periphrals;148 Rembrandt St;Warlingham;Surrey;CR6 9SW;01677-684257;mteplica@teplica.co.uk
Tamesha;Veigel;Wilhelm, James E Jr;2200 Nelson St #58;Newport;Isle of Wight;PO30 5AL;01217-342071;tveigel@veigel.co.uk
Tess;Sitra;Wilhelm, James E Jr;61 Rossett St;Chichester;West Sussex;PO19 1RH;01473-229124;tess_sitra@hotmail.com
Leonard;Kufner;Wilhelm, James E Jr;41 Canning St;Steornabhagh a Deas Ward;Western Isles;HS1 2PZ;01230-623547;lkufner@kufner.co.uk
Svetlana;Tauras;Wilhelm, James E Jr;8289 Cadogan St;South Ward;North Eart Lincolnshire;DN33 1AU;01781-827317;svetlana_tauras@tauras.co.uk
Pok;Molaison;Wilhelm, James E Jr;211 Hobart St;Newquay;Cornwall;TR7 1LS;01866-248660;pok@yahoo.com
Augustine;Growcock;Wilhelm, James E Jr;114 Falkland St #8845;Brimpton;Berkshire;RG7 4RF;01541-802635;augustine.growcock@growcock.co.uk
Karma;Quarto;Wilhelm, James E Jr;1 Birkett St;Shard End Ward;West Midlands;B33 0NH;01857-864722;kquarto@gmail.com
Reed;Weisinger;Wilhelm, James E Jr;5147 Blackstone St;Letchworth South West Ward;Hertfordshire;SG6 3LE;01243-678286;reed_weisinger@yahoo.com
German;Zelaya;Wilhelm, James E Jr;7 Shenstone St;Longhill Ward;Yorkshire, East (North Humbers;HU8 9PZ;01400-269033;german@hotmail.com
Milly;Savidge;Wilhelm, James E Jr;129 Alexander Pope St;Franche Ward;Hereford and Worcester;DY11 9BW;01702-725589;milly@gmail.com
Luis;Ear;Wilhelm, James E Jr;2 Birchfield Rd;Whittington;Shropshire;SY11 4PH;01462-648669;luis@hotmail.com
Ciara;Cobbley;Wilhelm, James E Jr;7523 Kempton Rd;Cockerton West Ward;Darlington;DL3 0JF;01235-647932;ciara_cobbley@hotmail.com
Alethea;Mould;Wilhelm, James E Jr;6305 Elstow St;Castle Ward;West Sussex;BN12 6PR;01662-114247;alethea@hotmail.com
Margurite;Loperfido;Wilhelm, James E Jr;218 Greenbank Drive;Devizes;Wiltshire;SN10 3DU;01407-866759;mloperfido@gmail.com
Vernice;Sperazza;Wilhelm, James E Jr;8921 Forge St;Colnbrook with Poyle;Buckinghamshire;SL3 0PY;01822-563044;vernice@yahoo.com
Vicente;Rawicki;Wilhelm, James E Jr;3060 St Ambrose Grove #261;Aldridge Central and South War;West Midlands;WS9 8UR;01327-770774;vicente_rawicki@hotmail.com
Craig;Cua;Wilhelm, James E Jr;8388 Bessemer St #5;East Putney Ward;Greater London;SW15 2RP;01483-418969;craig@hotmail.com
Jenise;Dulle;Wilhelm, James E Jr;87 Pownall Sq;Sawston;Cambridgeshire;CB22 3BB;01709-854691;jenise.dulle@hotmail.com
Marylin;Cornelison;Ernest E Heuer & Company Pc;39 Wye St;Wakefield North Ward;West Yorkshire;WF1 1DR;01609-882184;marylin_cornelison@yahoo.com
Marget;Gunst;Ernest E Heuer & Company Pc;2732 Bostock St #1;St. Enoder;Cornwall;TR9 6NJ;01693-310794;mgunst@yahoo.com
Annett;Bunselmeyer;Guynes Design Inc;5562 Fairfield St #847;Ryde;Isle of Wight;PO33 1HH;01891-702579;abunselmeyer@hotmail.com
Kip;Turziano;Practical Periphrals;37 Meadow St;Laindon Park Ward;Essex;SS15 6LE;01850-347846;kip.turziano@yahoo.com
Melina;Orizabal;Practical Periphrals;3 Nevison St;Lymington and Pennington;Hampshire;SO41 1DL;01420-307327;melina@gmail.com
Tina;Clapham;Practical Periphrals;5662 William Moult St;Aylesbury;Buckinghamshire;HP21 8PP;01567-296442;rclasham@gmail.com
Luisa;Devereux;Practical Periphrals;3 North View #35;Burmantofts and Richmond Hill ;West Yorkshire;LS9 7JH;01607-269930;ldevereux@gmail.com
Pedro;Aschoff;Practical Periphrals;135 Opie St;Howard Town Ward;Derbyshire;SK13 8BB;01386-981141;paschoff@yahoo.com
Carrol;Kunimitsu;Practical Periphrals;1 Askew St;Farnham;Surrey;GU9 9AS;01260-641258;carrol_kunimitsu@yahoo.com
Alba;Mosseri;Practical Periphrals;4 Burnall St;Beeston West Ward;Nottinghamshire;NG9 1AE;01543-198690;alba@gmail.com
Domonique;Sandlin;Practical Periphrals;95 Denton St;Wollaton West Ward;Nottinghamshire;NG8 2NB;01355-500797;domonique@hotmail.com
Rory;Neufville;Practical Periphrals;5 Chadwick St #7;Llangeler Community;Ceredigion;SA44 5HF;01252-621329;rory_neufville@neufville.co.uk
Dustin;Klingaman;Practical Periphrals;67 Micawber St;Brockley Ward;Greater London;SE14 6RQ;01712-135466;dklingaman@gmail.com
Lyndia;Moonshower;Bomarko Inc;43 Williamson St #7995;Meads Ward;East Sussex;BN20 7HB;01469-300335;lyndia_moonshower@moonshower.co.uk
Jules;Hiltner;Bomarko Inc;5 Howe St;Broxburn, Uphall and Winchburg;West Lothian;EH52 6NF;01428-343825;jules@yahoo.com
Dong;Kopczynski;Bomarko Inc;7 Cheapside #9;St. Ive;Cornwall;PL14 5PA;01770-129032;dkopczynski@kopczynski.co.uk
Justine;Salta;Bomarko Inc;85 Bridgewater St;Shard End Ward;West Midlands;B34 7BP;01689-253476;justine_salta@yahoo.com
Chantay;Kamens;Bomarko Inc;763 Parkfield Rd;Norton Canes;Staffordshire;WS11 9RH;01823-383806;ckamens@hotmail.com
Tequila;Chisum;Bomarko Inc;662 Grove Park;Bulwell Ward;Nottinghamshire;NG6 8RG;01835-634521;tequila.chisum@chisum.co.uk
Maybelle;Consolazio;Bomarko Inc;5410 Lawton St;Treorchy Community;Rhondda Cynon Taff;CF42 6PL;01383-647035;mconsolazio@yahoo.com
Margarett;Bairo;Bomarko Inc;3 August Rd;Maybury and Sheerwater Ward;Surrey;GU21 5QL;01670-813697;margarett@gmail.com
Janessa;Noonon;Bomarko Inc;476 Starkie St;Westgate Ward;Gloucestershire;GL1 1QW;01472-324699;jnoonon@yahoo.com
Sol;Cowser;Bomarko Inc;6448 Tillard St;Conisbrough and Denaby Ward;South Yorkshire;DN12 4JF;01412-528394;sol@gmail.com
Louann;Smethers;Bomarko Inc;3055 Creswick St;Newbold and Brownsover Ward;Warwickshire;CV21 1LN;01670-234959;louann@gmail.com
Lindsay;Yadao;Lutz, Christopher T Esq;7 Jolliffe St;Middlewich;Cheshire;CW10 9GB;01947-566661;lindsay_yadao@yadao.co.uk
Malika;Hanton;Lutz, Christopher T Esq;1175 Greig St;St. Marys Ward;Greater Manchester;M25 0ZN;01532-497454;malika@gmail.com
Stefany;Ferenz;Lutz, Christopher T Esq;636 Portland Place;Gresham Ward;Middlesbrough;TS1 4RG;01743-977277;stefany@hotmail.com
Abraham;Cratch;Lutz, Christopher T Esq;41 Benedict St;Aldborough Ward;Greater London;IG2 7QG;01599-245408;acratch@gmail.com
Giuseppe;Rohaley;Lutz, Christopher T Esq;62 Margaret St;Royal Hospital Ward;Greater London;SW3 4ND;01345-400452;giuseppe@yahoo.com
Kiera;Bassil;Storm Eye Institute;5152 Sophia St;Woodstock Ward;South Gloucestershire;BS15 8DS;01655-519837;kbassil@bassil.co.uk
Wendell;Rubano;Automation Engrg & Mfg Inc;1 Back Canning St;Dunblane and Bridge of Allan W;Stirling;FK9 4LD;01837-530939;wendell_rubano@hotmail.com
Stevie;Stifflemire;Cavuto, John A;9 Gradwell St;Kempshott Ward;Hampshire;RG22 5HA;01262-808399;stevie_stifflemire@stifflemire.co.uk
Yun;Paletta;Cavuto, John A;9205 Upper Hill St;City and Hunslet Ward;West Yorkshire;LS1 5QE;01350-332706;yun_paletta@paletta.co.uk
Brittani;Thurm;Cavuto, John A;9 Horatio St;Ruckinge;Kent;TN26 2PN;01686-306597;bthurm@yahoo.com
Billy;Venus;Cavuto, John A;61 Miriam St;Abbey Road Ward;Greater London;NW8 9BD;01537-356648;billy.venus@yahoo.com
Brynn;Elkan;Cavuto, John A;67 Pulford St;Prittlewell Ward;Essex;SS2 6NL;01388-416867;brynn@yahoo.com
Elroy;Piehler;Cavuto, John A;821 Pembroke Place;Kirkby Stephen;Cumbria;CA17 4RZ;01589-654152;epiehler@piehler.co.uk
Anisha;Shulick;Cavuto, John A;3 Alder St;Eaton Park Ward;Stoke-on-Trent;ST2 9AW;01780-704167;ashulick@yahoo.com
Bettina;Kham;Cavuto, John A;80 Morecambe St;Bishop Auckland;County Durham;DL14 6NG;01355-192668;bettina.kham@kham.co.uk
Velda;Mancilla;Cavuto, John A;7866 Renshaw St #283;Falmouth;Cornwall;TR11 4QQ;01823-526645;velda_mancilla@mancilla.co.uk
Marta;Brace;Cavuto, John A;658 Lake St;Malmesbury;Wiltshire;SN16 0XZ;01777-469402;marta.brace@brace.co.uk
Juan;Vanwyhe;Cavuto, John A;5382 Redfern St;West End Ward;Greater London;W1J 0QH;01961-642757;juan_vanwyhe@gmail.com
Lelia;Filion;Cavuto, John A;45 Bidder St #38;Town Ward;Greater London;EN1 3HT;01367-136951;lelia.filion@filion.co.uk
Una;Frankel;Cavuto, John A;6766 Britton St #379;Crompton Ward;Greater Manchester;BL1 3EX;01912-749219;ufrankel@hotmail.com
Eva;Joulwan;Cavuto, John A;7 Lear Rd;Stroud;Hampshire;GU32 3PQ;01779-720349;eva.joulwan@gmail.com
Mammie;Dormanen;Cavuto, John A;2577 Toxteth St #5;Overton Ward;Lancashire;BB6 7UN;01527-579687;mammie_dormanen@hotmail.com
Jeannetta;Coolidge;Cavuto, John A;761 Cockerell St #1;Midway Ward;Derbyshire;DE11 0HE;01927-790069;jeannetta_coolidge@gmail.com
Elbert;Drawe;Cavuto, John A;9 Cypress St;Washington East Ward;Tyne and Wear;NE38 9AQ;01753-784273;edrawe@drawe.co.uk
Lenny;Gazzola;Cavuto, John A;6 Romilly St;Walkergate Ward;Tyne and Wear;NE6 4YH;01312-233253;lenny.gazzola@yahoo.com
Mira;Alpheaus;Cavuto, John A;51 St Anne St #12;Stratfield Mortimer;Berkshire;RG7 3RA;01241-273991;mira.alpheaus@yahoo.com
Cathern;Ungar;Cavuto, John A;823 Idris St;Selston;Nottinghamshire;NG16 5LG;01898-134749;cathern.ungar@ungar.co.uk
Malcom;Fleckles;Cavuto, John A;8764 Nickleby St #877;Govan Ward;Glasgow City;G51 1BQ;01478-110943;malcom.fleckles@gmail.com
Monroe;Damato;Cavuto, John A;5344 Bengel St #5;Millwall Ward;Greater London;E14 5DR;01402-733903;mdamato@damato.co.uk
Leota;Fletchen;Cavuto, John A;8880 Great Howard St #7750;Sefton;Merseyside;L29 7WD;01358-446391;lfletchen@gmail.com
Berry;Gutoski;Cavuto, John A;9 Oakleigh;Lancing;West Sussex;BN15 9BN;01448-211489;berry@gmail.com
Meghan;Riherd;Cavuto, John A;83 Denbigh St Bootle;St. Gluvias;Cornwall;TR3 7AZ;01462-474800;meghan@riherd.co.uk
Mike;Torner;Cavuto, John A;30 Aughton St;Hilton;Aberdeenshire;AB24 2RR;01240-600327;mike_torner@torner.co.uk